{
    "success": true,
    "start": 1566224100,
    "start_human": "16:15",
    "temp": 22,
    "delta": 300,
    "precip": [
        0,
        0,
        1.1,
        0,
        2.1,
        0,
        3.1,
        0,
        0,
        0,
        0,
        0,
        0,
        0,
        0,
        0,
        0,
        0,
        0,
        0,
        0,
        0,
        0,
        0,
        0
    ],
    "levels": {
        "light": 0.25,
        "moderate": 1,
        "heavy": 2.5
    },
    "grid": {
        "x": 599,
        "y": 420
    },
    "source": "nl",
    "bounds": {
        "N": 55.973602,
        "E": 10.856429,
        "S": 48.895302,
        "W": 0
    }
}