{
    "success": true,
    "start": 1566231900,
    "start_human": "18:25",
    "temp": 15,
    "delta": 300,
    "precip": [
        0,
        0,
        0,
        0,
        0,
        0,
        0,
        0,
        0,
        0,
        0.06,
        0.37,
        0.65,
        0.49,
        0.22,
        0.11,
        0.29,
        0.56,
        0.7,
        0.32,
        0.56,
        0.87,
        0.81,
        1.91,
        1.07
    ],
    "levels": {
        "light": 0.25,
        "moderate": 1,
        "heavy": 2.5
    },
    "grid": {
        "x": 922,
        "y": 923
    },
    "source": "de",
    "bounds": {
        "N": 56.397869,
        "E": 18.257635,
        "S": 45.506641,
        "W": 3.454513
    }
}