{
    "success": true,
    "start": 1566286500,
    "start_human": "09:35",
    "temp": 16,
    "delta": 300,
    "precip": [
        0,
        0,
        0,
        0,
        0,
        0,
        0,
        0,
        0,
        0,
        0,
        0,
        0,
        0,
        0,
        0,
        0,
        0,
        0,
        0,
        0,
        0,
        0,
        0,
        0
    ],
    "levels": {
        "light": 0.25,
        "moderate": 1,
        "heavy": 2.5
    },
    "grid": {
        "x": 598,
        "y": 420
    },
    "source": "nl",
    "bounds": {
        "N": 55.973602,
        "E": 10.856429,
        "S": 48.895302,
        "W": 0
    }
}