{
    "success": true,
    "start": 1566243300,
    "start_human": "21:35",
    "temp": 15,
    "delta": 300,
    "precip": [
        35,
        0,
        0,
        0,
        0,
        1.10,
        1.11,
        1.12,
        0,
        0,
        0.06,
        0.37,
        0.65,
        0.49,
        0.22,
        0.11,
        0.29,
        2.90,
        0,
        0,
        0.56,
        0.87,
        0.81,
        1.1,
        0
    ],
    "levels": {
        "light": 0.25,
        "moderate": 1,
        "heavy": 2.5
    },
    "grid": {
        "x": 922,
        "y": 923
    },
    "source": "de",
    "bounds": {
        "N": 56.397869,
        "E": 18.257635,
        "S": 45.506641,
        "W": 3.454513
    }
}